<edmx:Edmx
    xmlns:edmx="http://schemas.microsoft.com/ado/2007/06/edmx"
    xmlns:m="http://schemas.microsoft.com/ado/2007/08/dataservices/metadata"
    xmlns:sap="http://www.sap.com/Protocols/SAPData" Version="1.0">
    <edmx:DataServices m:DataServiceVersion="2.0">
        <Schema
            xmlns="http://schemas.microsoft.com/ado/2008/09/edm" Namespace="ZCONTROLEDESPESAS_SRV" xml:lang="pt" sap:schema-version="1">
            <EntityType Name="Clientes" sap:content-version="1">
                <Key>
                    <PropertyRef Name="Idcliente"/>
                </Key>
                <Property Name="Mandt" Type="Edm.String" Nullable="false" MaxLength="3" sap:label="Mandante" sap:creatable="false" sap:updatable="false" sap:sortable="false" sap:filterable="false"/>
                <Property Name="Idcliente" Type="Edm.Int32" Nullable="false" sap:label="ID" sap:creatable="false" sap:updatable="false" sap:sortable="false" sap:filterable="false"/>
                <Property Name="Nomecliente" Type="Edm.String" Nullable="false" MaxLength="40" sap:label="Nome cliente" sap:creatable="false" sap:updatable="false" sap:sortable="false" sap:filterable="false"/>
                <Property Name="Kmnumencliente" Type="Edm.Decimal" Nullable="false" Precision="3" Scale="0" sap:label="Distância em km" sap:creatable="false" sap:updatable="false" sap:sortable="false" sap:filterable="false"/>
                <Property Name="Precokm" Type="Edm.Decimal" Nullable="false" Precision="16" Scale="3" sap:label="Valor líquido" sap:creatable="false" sap:updatable="false" sap:sortable="false" sap:filterable="false"/>
                <Property Name="Limitereembolso" Type="Edm.Decimal" Nullable="false" Precision="16" Scale="3" sap:label="Valor líquido" sap:creatable="false" sap:updatable="false" sap:sortable="false" sap:filterable="false"/>
            </EntityType>
            <EntityType Name="Projeto" sap:content-version="1">
                <Key>
                    <PropertyRef Name="Idprojeto"/>
                    <PropertyRef Name="Idcliente"/>
                </Key>
                <Property Name="Mandt" Type="Edm.String" Nullable="false" MaxLength="3" sap:label="Mandante" sap:creatable="false" sap:updatable="false" sap:sortable="false" sap:filterable="false"/>
                <Property Name="Idprojeto" Type="Edm.Int32" Nullable="false" sap:creatable="false" sap:updatable="false" sap:sortable="false" sap:filterable="false"/>
                <Property Name="Idcliente" Type="Edm.Int32" Nullable="false" sap:creatable="false" sap:updatable="false" sap:sortable="false" sap:filterable="false"/>
                <Property Name="Descprojeto" Type="Edm.String" Nullable="false" MaxLength="40" sap:creatable="false" sap:updatable="false" sap:sortable="false" sap:filterable="false"/>
                <Property Name="Duracao" Type="Edm.Byte" Nullable="false" sap:creatable="false" sap:updatable="false" sap:sortable="false" sap:filterable="false"/>
            </EntityType>
            <EntityType Name="User" sap:content-version="1">
                <Key>
                    <PropertyRef Name="Mandt"/>
                </Key>
                <Property Name="Mandt" Type="Edm.String" Nullable="false" MaxLength="3" sap:label="Mandante" sap:creatable="false" sap:updatable="false" sap:sortable="false" sap:filterable="false"/>
                <Property Name="Bname" Type="Edm.String" Nullable="false" MaxLength="12" sap:label="Nome do usuário" sap:creatable="false" sap:updatable="false" sap:sortable="false" sap:filterable="false"/>
            </EntityType>
            <EntityContainer Name="ZCONTROLEDESPESAS_SRV_Entities" m:IsDefaultEntityContainer="true" sap:supported-formats="atom json xlsx">
                <EntitySet Name="ClientesSet" EntityType="ZCONTROLEDESPESAS_SRV.Clientes" sap:creatable="false" sap:updatable="false" sap:deletable="false" sap:pageable="false" sap:content-version="1"/>
                <EntitySet Name="ProjetoSet" EntityType="ZCONTROLEDESPESAS_SRV.Projeto" sap:creatable="false" sap:updatable="false" sap:deletable="false" sap:pageable="false" sap:content-version="1"/>
                <EntitySet Name="UserSet" EntityType="ZCONTROLEDESPESAS_SRV.User" sap:creatable="false" sap:updatable="false" sap:deletable="false" sap:pageable="false" sap:content-version="1"/>
            </EntityContainer>
            <atom:link
                xmlns:atom="http://www.w3.org/2005/Atom" rel="self" href="./sap/ZCONTROLEDESPESAS_SRV/$metadata"/>
                <atom:link
                    xmlns:atom="http://www.w3.org/2005/Atom" rel="latest-version" href="./sap/ZCONTROLEDESPESAS_SRV/$metadata"/>
                </Schema>
            </edmx:DataServices>
        </edmx:Edmx>